zip_code,city,county,probate_activity_rate,absentee_owner_rate,tax_delinquency_rate,preforeclosure_rate,avg_years_ownership,median_home_value,lat,lon,out_of_state_rate,property_count
33001,LONG KEY,Monroe,0.0,79.15,0.0,0.0,0.6,557810,24.735,-81.383,13.44,662
33004,DANIA BEACH,Broward,0.0,31.9,0.0,0.0,0.6,341065,26.029,-80.148,15.19,7032
33009,HALLANDALE BEACH,Broward,0.0,37.05,0.0,0.0,0.6,292640,26.01,-80.148,26.75,25772
33010,Hialeah,Miami-Dade,0.0,10.32,0.0,0.0,0.6,475488,25.857,-80.278,1.27,8693
33012,Hialeah,Miami-Dade,0.0,6.12,0.0,0.0,0.6,332510,25.87,-80.307,1.62,19076
33013,Hialeah,Miami-Dade,0.0,5.22,0.0,0.0,0.6,485274,25.882,-80.292,1.14,8262
33014,Hialeah,Miami-Dade,0.0,6.76,0.0,0.0,0.6,357349,25.905,-80.302,1.75,11010
33015,Unincorporated County,Miami-Dade,0.0,5.69,0.0,0.0,0.6,340342,25.934,-80.302,2.15,18224
33016,Hialeah,Miami-Dade,0.0,7.38,0.0,0.0,0.6,259038,25.917,-80.314,1.81,14450
33018,Hialeah,Miami-Dade,0.0,5.34,0.0,0.0,0.6,420000,25.925,-80.337,2.23,17502
33019,HOLLYWOOD,Broward,0.0,43.97,0.0,0.0,0.6,499055,26.015,-80.124,24.18,13924
33020,HOLLYWOOD,Broward,0.0,40.02,0.0,0.0,0.6,374570,26.009,-80.149,8.89,15566
33021,HOLLYWOOD,Broward,0.0,22.14,0.0,0.0,0.6,440505,26.015,-80.168,6.47,18332
33023,MIRAMAR,Broward,0.0,21.69,0.0,0.0,0.6,423225,25.988,-80.21,3.8,19924
33024,HOLLYWOOD,Broward,0.0,19.96,0.0,0.0,0.6,438195,26.006,-80.234,4.02,22068
33025,MIRAMAR,Broward,0.0,32.15,0.0,0.0,0.6,343600,25.977,-80.234,8.44,21298
33026,PEMBROKE PINES,Broward,0.0,14.82,0.0,0.0,0.6,410280,26.005,-80.263,3.63,11940
33027,MIRAMAR,Broward,0.0,19.97,0.0,0.0,0.6,471870,25.993,-80.291,4.93,24661
33028,PEMBROKE PINES,Broward,0.0,13.51,0.0,0.0,0.6,614365,26.019,-80.295,3.48,8166
33029,PEMBROKE PINES,Broward,0.0,12.12,0.0,0.0,0.6,631705,26.016,-80.318,3.26,15392
33030,Homestead,Miami-Dade,0.0,8.02,0.0,0.0,0.7,382168,25.469,-80.478,2.6,9128
33031,Unincorporated County,Miami-Dade,0.0,7.82,0.0,0.0,0.6,649211,25.531,-80.452,1.92,3234
33032,Unincorporated County,Miami-Dade,0.0,3.27,0.0,0.0,0.7,373880,25.549,-80.432,2.52,17513
33033,Homestead,Miami-Dade,0.0,4.93,0.0,0.0,0.6,353559,25.453,-80.427,3.11,18831
33034,Florida City,Miami-Dade,0.0,5.58,0.0,0.0,0.6,265000,25.419,-80.543,9.25,9446
33035,Homestead,Miami-Dade,0.0,3.39,0.0,0.0,0.6,264000,25.393,-80.527,3.76,8140
33036,PLANTATION KEY,Monroe,0.0,76.54,0.0,0.0,0.6,1005996,24.861,-80.799,22.32,6429
33037,KEY LARGO,Monroe,0.0,53.79,0.0,0.0,0.6,673381,25.122,-80.424,15.71,12885
33040,KEY WEST,Monroe,0.0,37.86,0.0,0.0,0.6,798835,24.56,-81.784,25.38,14666
33042,CUDJOE KEY,Monroe,0.0,52.71,0.0,0.0,0.5,741561,24.661,-81.521,27.69,5940
33043,BIG PINE KEY,Monroe,0.0,50.82,0.0,0.0,0.6,554973,24.683,-81.366,21.72,3849
33050,MARATHON,Monroe,0.0,59.09,0.0,0.0,0.6,602015,24.705,-81.07,27.76,8065
33051,KEY COLONY BEACH,Monroe,0.0,75.89,0.0,0.0,0.6,737096,24.734,-80.98,46.43,1497
33054,Miami Gardens,Miami-Dade,0.0,5.95,0.0,0.0,0.6,324083,25.886,-80.255,2.43,8532
33055,Miami Gardens,Miami-Dade,0.0,3.05,0.0,0.0,0.6,355466,25.94,-80.278,1.53,10920
33056,Miami Gardens,Miami-Dade,0.0,4.23,0.0,0.0,0.6,345666,25.937,-80.254,2.7,9520
33060,POMPANO BEACH,Broward,0.0,31.1,0.0,0.0,0.6,412615,26.225,-80.132,8.7,11214
33062,POMPANO BEACH,Broward,0.0,37.86,0.0,0.0,0.6,474900,26.239,-80.099,33.44,20492
33063,MARGATE,Broward,0.0,20.79,0.0,0.0,0.6,290470,26.197,-80.249,7.7,21727
33064,POMPANO BEACH,Broward,0.0,29.19,0.0,0.0,0.6,351330,26.255,-80.119,9.09,20863
33065,CORAL SPRINGS,Broward,0.0,34.32,0.0,0.0,0.6,384140,26.213,-80.249,6.04,16785
33066,COCONUT CREEK,Broward,0.0,20.84,0.0,0.0,0.6,212310,26.211,-80.221,16.32,10006
33067,CORAL SPRINGS,Broward,0.0,19.04,0.0,0.0,0.6,680255,26.228,-80.209,5.12,9276
33068,NORTH LAUDERDALE,Broward,0.0,24.16,0.0,0.0,0.6,340120,26.175,-80.219,8.98,14671
33069,POMPANO BEACH,Broward,0.0,35.51,0.0,0.0,0.6,240940,26.163,-80.156,18.95,14493
33070,TAVERNIER,Monroe,0.0,58.59,0.0,0.0,0.6,597223,24.861,-80.795,12.69,2002
33071,CORAL SPRINGS,Broward,0.0,22.37,0.0,0.0,0.6,564090,26.161,-80.259,4.87,12063
33073,COCONUT CREEK,Broward,0.0,26.89,0.0,0.0,0.6,492490,26.243,-80.209,10.39,8891
33076,PARKLAND,Broward,0.0,12.93,0.0,0.0,0.7,791970,26.251,-80.249,5.3,14594
33109,Unincorporated County,Miami-Dade,0.0,7.42,0.0,0.0,0.6,4514010,25.79,-80.16,15.39,903
33122,Doral,Miami-Dade,0.0,14.54,0.0,0.0,0.7,1348376,25.795,-80.291,9.59,949
33125,Miami,Miami-Dade,0.0,8.83,0.0,0.0,0.6,439700,25.769,-80.227,2.68,10258
33126,Miami,Miami-Dade,0.0,7.55,0.0,0.0,0.6,265650,25.771,-80.265,2.82,13338
33127,Miami,Miami-Dade,0.0,9.69,0.0,0.0,0.6,470594,25.816,-80.206,7.66,7432
33128,Miami,Miami-Dade,0.0,13.74,0.0,0.0,0.8,525628,25.774,-80.208,4.34,990
33129,Miami,Miami-Dade,0.0,6.74,0.0,0.0,0.6,568556,25.749,-80.202,5.12,7112
33130,Miami,Miami-Dade,0.0,7.29,0.0,0.0,0.7,429550,25.762,-80.2,8.99,11673
33131,Miami,Miami-Dade,0.0,6.22,0.0,0.0,0.7,486377,25.76,-80.188,9.89,17805
33132,Miami,Miami-Dade,0.0,5.94,0.0,0.0,0.8,451817,25.775,-80.184,11.33,11347
33133,Miami,Miami-Dade,0.0,6.18,0.0,0.0,0.6,845332,25.729,-80.244,6.16,15118
33134,Coral Gables,Miami-Dade,0.0,5.42,0.0,0.0,0.6,703219,25.747,-80.263,3.1,14616
33135,Miami,Miami-Dade,0.0,12.18,0.0,0.0,0.7,563900,25.765,-80.235,3.17,6246
33136,Miami,Miami-Dade,0.0,10.56,0.0,0.0,0.6,286400,25.784,-80.201,6.65,2585
33137,Miami,Miami-Dade,0.0,5.07,0.0,0.0,0.6,572900,25.822,-80.194,10.99,10983
33138,Miami,Miami-Dade,0.0,5.14,0.0,0.0,0.6,686160,25.844,-80.194,3.53,9742
33139,Miami Beach,Miami-Dade,0.0,6.94,0.0,0.0,0.6,366926,25.793,-80.135,20.02,27658
33140,Miami Beach,Miami-Dade,0.0,9.95,0.0,0.0,0.6,544810,25.811,-80.125,23.0,15643
33141,Miami Beach,Miami-Dade,0.0,7.16,0.0,0.0,0.6,337740,25.837,-80.122,12.72,16165
33142,Miami,Miami-Dade,0.0,10.51,0.0,0.0,0.6,365489,25.81,-80.23,2.97,13352
33143,Unincorporated County,Miami-Dade,0.0,6.51,0.0,0.0,0.6,781314,25.712,-80.274,3.08,12752
33144,Unincorporated County,Miami-Dade,0.0,6.39,0.0,0.0,0.6,516205,25.762,-80.264,1.48,6835
33145,Miami,Miami-Dade,0.0,6.93,0.0,0.0,0.7,641570,25.754,-80.229,2.84,9192
33146,Coral Gables,Miami-Dade,0.0,6.12,0.0,0.0,0.6,1531172,25.724,-80.258,4.57,4986
33147,Unincorporated County,Miami-Dade,0.0,6.56,0.0,0.0,0.6,355678,25.836,-80.233,2.19,12723
33149,Key Biscayne,Miami-Dade,0.0,6.22,0.0,0.0,0.6,1176030,25.728,-80.158,6.86,7363
33150,Unincorporated County,Miami-Dade,0.0,7.85,0.0,0.0,0.6,381350,25.858,-80.207,4.53,6623
33154,Bal Harbour,Miami-Dade,0.0,5.79,0.0,0.0,0.6,859800,25.878,-80.128,22.75,10462
33155,Unincorporated County,Miami-Dade,0.0,5.36,0.0,0.0,0.6,595091,25.747,-80.283,1.57,15395
33156,Pinecrest,Miami-Dade,0.0,4.22,0.0,0.0,0.6,1178176,25.68,-80.285,2.45,12709
33157,Unincorporated County,Miami-Dade,0.0,3.79,0.0,0.0,0.6,486301,25.626,-80.335,2.06,20499
33158,Palmetto Bay,Miami-Dade,0.0,2.95,0.0,0.0,0.6,998307,25.629,-80.303,1.47,2441
33160,Sunny Isles Beach,Miami-Dade,0.0,5.67,0.0,0.0,0.6,396872,25.933,-80.142,17.1,32619
33161,North Miami,Miami-Dade,0.0,6.74,0.0,0.0,0.6,434071,25.888,-80.172,3.78,12325
33162,North Miami Beach,Miami-Dade,0.0,4.58,0.0,0.0,0.6,377994,25.917,-80.177,5.22,12304
33165,Unincorporated County,Miami-Dade,0.0,3.76,0.0,0.0,0.6,543424,25.759,-80.326,1.29,15841
33166,Doral,Miami-Dade,0.0,6.19,0.0,0.0,0.7,525158,25.814,-80.296,3.24,11537
33167,Unincorporated County,Miami-Dade,0.0,4.77,0.0,0.0,0.7,377609,25.869,-80.232,3.5,5597
33168,Unincorporated County,Miami-Dade,0.0,4.7,0.0,0.0,0.7,373842,25.885,-80.213,1.74,6914
33169,Miami Gardens,Miami-Dade,0.0,3.65,0.0,0.0,0.6,356749,25.931,-80.215,4.02,10919
33170,Unincorporated County,Miami-Dade,0.0,5.36,0.0,0.0,0.7,450000,25.574,-80.435,2.18,5838
33172,Unincorporated County,Miami-Dade,0.0,8.41,0.0,0.0,0.6,260304,25.781,-80.345,3.85,13260
33173,Unincorporated County,Miami-Dade,0.0,4.18,0.0,0.0,0.6,483615,25.703,-80.354,1.71,11267
33174,Unincorporated County,Miami-Dade,0.0,7.9,0.0,0.0,0.6,362086,25.763,-80.358,1.91,8995
33175,Unincorporated County,Miami-Dade,0.0,3.29,0.0,0.0,0.6,499440,25.74,-80.356,1.15,17163
33176,Unincorporated County,Miami-Dade,0.0,4.67,0.0,0.0,0.6,461495,25.671,-80.334,1.75,18434
33177,Unincorporated County,Miami-Dade,0.0,3.1,0.0,0.0,0.6,442484,25.618,-80.38,2.43,15893
33178,Doral,Miami-Dade,0.0,4.27,0.0,0.0,0.6,464162,25.841,-80.347,4.12,20489
33179,Unincorporated County,Miami-Dade,0.0,3.76,0.0,0.0,0.6,217100,25.948,-80.178,4.37,16551
33180,Aventura,Miami-Dade,0.0,5.51,0.0,0.0,0.6,412699,25.961,-80.157,11.49,19788
33181,North Miami,Miami-Dade,0.0,5.83,0.0,0.0,0.6,256915,25.893,-80.148,5.28,7082
33182,Unincorporated County,Miami-Dade,0.0,3.39,0.0,0.0,0.6,501141,25.775,-80.208,3.09,4365
33183,Unincorporated County,Miami-Dade,0.0,5.59,0.0,0.0,0.6,346425,25.711,-80.377,2.05,12868
33184,Unincorporated County,Miami-Dade,0.0,4.37,0.0,0.0,0.6,421222,25.759,-80.379,1.64,5724
33185,Unincorporated County,Miami-Dade,0.0,2.64,0.0,0.0,0.6,544484,25.737,-80.399,3.02,8707
33186,Unincorporated County,Miami-Dade,0.0,5.35,0.0,0.0,0.6,405014,25.677,-80.376,2.44,25499
33187,Unincorporated County,Miami-Dade,0.0,6.92,0.0,0.0,0.6,554076,25.655,-80.415,2.37,7210
33189,Cutler Bay,Miami-Dade,0.0,5.51,0.0,0.0,0.6,418789,25.579,-80.392,3.14,7634
33190,Cutler Bay,Miami-Dade,0.0,2.84,0.0,0.0,0.6,360500,25.572,-80.347,4.27,4218
33193,Unincorporated County,Miami-Dade,0.0,5.21,0.0,0.0,0.6,382000,25.711,-80.416,2.66,14442
33194,Unincorporated County,Miami-Dade,0.0,3.97,0.0,0.0,0.7,463000,25.748,-80.409,2.82,1560
33196,Unincorporated County,Miami-Dade,0.0,3.84,0.0,0.0,0.6,449080,25.693,-80.425,3.75,15834
33301,FORT LAUDERDALE,Broward,0.0,32.79,0.0,0.0,0.6,826840,26.166,-80.333,14.93,8479
33304,FORT LAUDERDALE,Broward,0.0,43.42,0.0,0.0,0.6,555230,26.166,-80.333,20.79,10820
33305,FORT LAUDERDALE,Broward,0.0,31.74,0.0,0.0,0.6,653195,26.166,-80.333,13.3,6510
33306,FORT LAUDERDALE,Broward,0.0,38.13,0.0,0.0,0.6,650015,26.166,-80.333,16.36,2140
33308,FORT LAUDERDALE,Broward,0.0,30.77,0.0,0.0,0.6,526775,26.166,-80.333,26.72,21866
33309,OAKLAND PARK,Broward,0.0,30.36,0.0,0.0,0.6,367755,26.175,-80.168,7.18,13904
33311,FORT LAUDERDALE,Broward,0.0,37.41,0.0,0.0,0.6,335420,26.122,-80.178,8.39,21065
33312,FORT LAUDERDALE,Broward,0.0,25.32,0.0,0.0,0.6,443410,26.088,-80.165,8.1,17706
33313,LAUDERHILL,Broward,0.0,35.51,0.0,0.0,0.7,156080,26.125,-80.212,9.28,18809
33314,DAVIE,Broward,0.0,38.59,0.0,0.0,0.6,387000,26.087,-80.206,5.01,7126
33315,FORT LAUDERDALE,Broward,0.0,37.64,0.0,0.0,0.6,501095,26.09,-80.148,8.07,6416
33316,FORT LAUDERDALE,Broward,0.0,39.15,0.0,0.0,0.6,674435,26.095,-80.115,21.74,7990
33317,PLANTATION,Broward,0.0,18.05,0.0,0.0,0.6,493990,26.088,-80.23,3.86,12649
33319,LAUDERHILL,Broward,0.0,22.33,0.0,0.0,0.6,168100,26.156,-80.198,12.99,21635
33321,TAMARAC,Broward,0.0,19.42,0.0,0.0,0.6,299240,26.135,-80.241,5.2,22271
33322,SUNRISE,Broward,0.0,20.41,0.0,0.0,0.6,215510,26.123,-80.243,6.78,20153
33323,SUNRISE,Broward,0.0,22.23,0.0,0.0,0.6,477660,26.134,-80.266,4.76,7892
33324,PLANTATION,Broward,0.0,27.29,0.0,0.0,0.6,330180,26.105,-80.248,9.4,17423
33325,DAVIE,Broward,0.0,22.82,0.0,0.0,0.6,536170,26.109,-80.277,5.33,8719
33326,WESTON,Broward,0.0,26.29,0.0,0.0,0.6,517220,26.094,-80.272,5.01,12467
33327,WESTON,Broward,0.0,17.03,0.0,0.0,0.6,771150,26.124,-80.323,3.5,6933
33328,DAVIE,Broward,0.0,18.87,0.0,0.0,0.6,565710,26.079,-80.26,4.56,10306
33330,COOPER CITY,Broward,0.0,14.58,0.0,0.0,0.6,970400,26.058,-80.276,2.04,5247
33331,WESTON,Broward,0.0,15.51,0.0,0.0,0.6,758130,26.049,-80.306,2.77,7823
33332,WESTON,Broward,0.0,20.31,0.0,0.0,0.6,949440,26.051,-80.341,3.3,3723
33334,OAKLAND PARK,Broward,0.0,33.22,0.0,0.0,0.6,450310,26.162,-80.121,8.06,12217
33351,SUNRISE,Broward,0.0,30.31,0.0,0.0,0.6,355700,26.166,-80.333,8.14,11558
33401,WEST PALM BEACH,Palm Beach,0.0,45.45,0.0,0.0,0.6,365000,26.711,-80.065,18.0,13934
33403,LAKE PARK,Palm Beach,0.0,37.05,0.0,0.0,0.6,303700,26.778,-80.076,9.0,4521
33404,RIVIERA BEACH,Palm Beach,0.0,40.83,0.0,0.0,0.6,307000,26.797,-80.071,19.87,14109
33405,WEST PALM BEACH,Palm Beach,0.0,30.09,0.0,0.0,0.6,444316,26.666,-80.055,7.83,7231
33406,WEST PALM BEACH,Palm Beach,0.0,21.67,0.0,0.0,0.6,351862,26.654,-80.088,4.68,8325
33407,WEST PALM BEACH,Palm Beach,0.0,38.35,0.0,0.0,0.6,281000,26.75,-80.088,13.41,11171
33408,NORTH PALM BEACH,Palm Beach,0.0,30.37,0.0,0.0,0.6,503864,26.819,-80.053,21.07,12024
33409,WEST PALM BEACH,Palm Beach,0.0,36.3,0.0,0.0,0.6,264295,26.679,-80.108,11.34,8855
33410,PALM BEACH GARDENS,Palm Beach,0.0,21.84,0.0,0.0,0.6,456918,26.828,-80.108,10.69,15015
33411,WEST PALM BEACH,Palm Beach,0.0,21.9,0.0,0.0,0.6,394939,26.688,-80.13,9.78,28819
33412,WEST PALM BEACH,Palm Beach,0.0,33.34,0.0,0.0,0.7,520606,26.765,-80.165,7.79,10312
33413,WEST PALM BEACH,Palm Beach,0.0,15.43,0.0,0.0,0.7,396488,26.661,-80.13,4.77,4739
33414,WELLINGTON,Palm Beach,0.0,20.84,0.0,0.0,0.6,519857,26.645,-80.182,13.36,20799
33415,WEST PALM BEACH,Palm Beach,0.0,27.28,0.0,0.0,0.6,242526,26.641,-80.108,8.76,15518
33417,WEST PALM BEACH,Palm Beach,0.0,39.94,0.0,0.0,0.6,145568,26.695,-80.077,25.65,15412
33418,PALM BEACH GARDENS,Palm Beach,0.0,20.18,0.0,0.0,0.6,610000,26.868,-80.127,12.67,20468
33426,BOYNTON BEACH,Palm Beach,0.0,26.23,0.0,0.0,0.6,283522,26.53,-80.089,10.98,9928
33428,BOCA RATON,Palm Beach,0.0,19.83,0.0,0.0,0.6,397676,26.484,-80.164,7.55,14668
33430,BELLE GLADE,Palm Beach,0.0,19.64,0.0,0.0,0.7,180869,26.672,-80.397,1.9,3850
33431,BOCA RATON,Palm Beach,0.0,31.57,0.0,0.0,0.6,520960,26.386,-80.099,16.69,8886
33432,BOCA RATON,Palm Beach,0.0,30.26,0.0,0.0,0.6,885000,26.362,-80.076,21.53,11545
33433,BOCA RATON,Palm Beach,0.0,20.16,0.0,0.0,0.6,401142,26.381,-80.134,11.15,18359
33434,BOCA RATON,Palm Beach,0.0,30.09,0.0,0.0,0.6,252000,26.405,-80.135,21.53,14252
33435,BOYNTON BEACH,Palm Beach,0.0,35.9,0.0,0.0,0.6,265499,26.531,-80.062,21.81,17025
33436,BOYNTON BEACH,Palm Beach,0.0,18.67,0.0,0.0,0.6,350826,26.527,-80.09,14.77,17270
33437,BOYNTON BEACH,Palm Beach,0.0,17.07,0.0,0.0,0.6,365000,26.545,-80.13,14.74,19740
33438,CANAL POINT,Palm Beach,0.0,39.12,0.0,0.0,0.8,101090,26.935,-80.608,3.4,294
33440,CLEWISTON,Palm Beach,0.0,56.92,0.0,0.0,0.7,183660,26.715,-80.053,5.53,253
33441,DEERFIELD BEACH,Broward,0.0,34.93,0.0,0.0,0.6,379660,26.304,-80.097,16.69,11587
33442,DEERFIELD BEACH,Broward,0.0,22.85,0.0,0.0,0.6,195100,26.333,-80.105,23.76,17547
33444,DELRAY BEACH,Palm Beach,0.0,35.98,0.0,0.0,0.6,426390,26.361,-80.095,13.79,8736
33445,DELRAY BEACH,Palm Beach,0.0,28.92,0.0,0.0,0.6,256971,26.422,-80.107,17.77,15402
33446,DELRAY BEACH,Palm Beach,0.0,23.99,0.0,0.0,0.6,361666,26.443,-80.152,17.92,19246
33449,LAKE WORTH,Palm Beach,0.0,18.93,0.0,0.0,0.6,607621,26.563,-80.174,10.04,4095
33455,HOBE SOUND,Martin,0.0,28.83,0.0,0.0,0.6,393325,27.05,-80.4,15.61,12482
33458,JUPITER,Palm Beach,0.0,20.11,0.0,0.0,0.6,486026,26.935,-80.186,9.23,20717
33460,LAKE WORTH,Palm Beach,0.0,37.38,0.0,0.0,0.6,337597,26.612,-80.055,9.06,10945
33461,LAKE WORTH,Palm Beach,0.0,32.71,0.0,0.0,0.7,275000,26.618,-80.097,10.2,12996
33462,LANTANA,Palm Beach,0.0,26.49,0.0,0.0,0.6,326038,26.592,-80.076,14.5,11918
33463,LAKE WORTH,Palm Beach,0.0,23.08,0.0,0.0,0.6,323026,26.608,-80.13,8.89,19613
33467,LAKE WORTH,Palm Beach,0.0,15.38,0.0,0.0,0.6,417634,26.611,-80.164,8.91,25640
33469,JUPITER,Palm Beach,0.0,25.44,0.0,0.0,0.6,559230,26.975,-80.101,16.88,7037
33470,LOXAHATCHEE,Palm Beach,0.0,16.84,0.0,0.0,0.6,521289,26.766,-80.283,3.3,16831
33472,BOYNTON BEACH,Palm Beach,0.0,13.79,0.0,0.0,0.6,393593,26.58,-80.22,9.12,8605
33473,BOYNTON BEACH,Palm Beach,0.0,11.31,0.0,0.0,0.6,763898,26.539,-80.218,7.97,5922
33476,PAHOKEE,Palm Beach,0.0,29.01,0.0,0.0,0.7,144410,26.715,-80.053,2.19,1551
33477,JUPITER,Palm Beach,0.0,39.66,0.0,0.0,0.6,567336,26.952,-80.087,32.33,10735
33478,JUPITER,Palm Beach,0.0,12.75,0.0,0.0,0.6,637967,26.967,-80.204,5.16,6101
33480,PALM BEACH,Palm Beach,0.0,38.78,0.0,0.0,0.6,1250000,26.702,-80.04,34.46,10986
33483,DELRAY BEACH,Palm Beach,0.0,36.32,0.0,0.0,0.6,850177,26.362,-80.064,26.56,8778
33484,DELRAY BEACH,Palm Beach,0.0,29.07,0.0,0.0,0.6,185433,26.43,-80.095,21.21,17450
33486,BOCA RATON,Palm Beach,0.0,18.54,0.0,0.0,0.6,601990,26.365,-80.109,5.52,8656
33487,BOCA RATON,Palm Beach,0.0,30.33,0.0,0.0,0.6,583186,26.396,-80.079,22.7,12094
33493,SOUTH BAY,Palm Beach,0.0,30.17,0.0,0.0,0.7,170963,26.715,-80.053,2.07,822
33496,BOCA RATON,Palm Beach,0.0,15.08,0.0,0.0,0.6,717354,26.409,-80.2,11.04,12386
33498,BOCA RATON,Palm Beach,0.0,10.81,0.0,0.0,0.6,622581,26.428,-80.222,6.08,5875
34102,NAPLES,Collier,0.0,47.83,0.0,0.0,0.6,1282150,26.139,-81.797,37.44,10847
34103,NAPLES,Collier,0.0,44.84,0.0,0.0,0.6,1001150,26.155,-81.79,37.91,10972
34104,NAPLES,Collier,0.0,39.66,0.0,0.0,0.6,322832,26.145,-81.733,27.78,14336
34105,NAPLES,Collier,0.0,34.98,0.0,0.0,0.6,446400,26.17,-81.759,28.83,10417
34108,NAPLES,Collier,0.0,46.47,0.0,0.0,0.6,906200,26.232,-81.804,41.26,15060
34109,NAPLES,Collier,0.0,33.27,0.0,0.0,0.6,545060,26.237,-81.768,23.88,13675
34110,NAPLES,Collier,0.0,35.3,0.0,0.0,0.7,533075,26.29,-81.77,30.29,15540
34112,NAPLES,Collier,0.0,43.06,0.0,0.0,0.6,300695,26.109,-81.754,33.12,19404
34113,NAPLES,Collier,0.0,38.23,0.0,0.0,0.6,459600,26.052,-81.712,33.2,15190
34114,NAPLES,Collier,0.0,42.65,0.0,0.0,0.7,433671,26.04,-81.635,33.72,19435
34116,GOLDEN GATE CITY,Collier,0.0,22.61,0.0,0.0,0.6,357038,26.177,-81.701,7.02,8147
34117,NAPLES,Collier,0.0,38.74,0.0,0.0,0.6,309979,26.132,-81.629,10.05,10039
34119,NAPLES,Collier,0.0,25.77,0.0,0.0,0.6,578364,26.238,-81.72,20.79,18337
34120,NAPLES,Collier,0.0,32.14,0.0,0.0,0.7,393659,26.255,-81.655,17.35,27914
34134,NAPLES,Collier,0.0,50.96,0.0,0.0,0.6,589102,26.332,-81.822,37.45,1829
34137,NAPLES,Collier,0.0,56.38,0.0,0.0,0.6,61867,26.112,-81.4,3.19,94
34138,CHOKOLOSKEE,Collier,0.0,67.85,0.0,0.0,0.6,110559,25.903,-81.361,31.34,619
34139,EVERGLADES CITY,Collier,0.0,70.79,0.0,0.0,0.7,123370,25.947,-81.375,24.72,1068
34140,GOODLAND,Collier,0.0,56.8,0.0,0.0,0.7,362751,25.992,-81.403,32.46,456
34141,NAPLES,Collier,0.0,72.5,0.0,0.0,0.4,39534,25.866,-81.018,5.0,80
34142,NAPLES,Collier,0.0,31.04,0.0,0.0,0.7,270606,26.337,-81.33,7.28,11315
34145,MARCO ISLAND,Collier,0.0,54.24,0.0,0.0,0.6,778048,25.943,-81.73,45.9,20484
34956,INDIANTOWN,Martin,0.0,51.54,0.0,0.0,0.2,231960,27.097,-80.458,13.76,3285
34957,JENSEN BEACH,Martin,0.0,34.0,0.0,0.0,0.6,358235,27.19,-80.189,16.0,9842
34974,OKEECHOBEE,Martin,0.0,65.31,0.0,0.0,0.7,493148,27.05,-80.4,10.28,467
34990,PALM CITY,Martin,0.0,15.08,0.0,0.0,0.6,528710,27.102,-80.363,5.94,14008
34994,STUART,Martin,0.0,53.52,0.0,0.0,0.6,199680,27.078,-80.336,17.7,11175
34996,STUART,Martin,0.0,40.41,0.0,0.0,0.6,439700,27.183,-80.268,21.72,6228
34997,STUART,Martin,0.0,23.66,0.0,0.0,0.6,357020,27.046,-80.358,9.12,20159
