zip_code,city,county,probate_activity_rate,absentee_owner_rate,tax_delinquency_rate,preforeclosure_rate,avg_years_ownership,median_home_value,lat,lon
33010,Hialeah,Miami-Dade,3.8,31.2,8.4,2.1,14.2,285000,25.857,-80.278
33012,Hialeah,Miami-Dade,3.2,28.7,7.1,1.8,12.8,295000,25.870,-80.307
33030,Homestead,Miami-Dade,2.9,24.1,5.8,1.9,11.4,320000,25.469,-80.478
33033,Homestead,Miami-Dade,2.4,21.8,4.9,1.5,9.6,345000,25.453,-80.427
33054,Opa-locka,Miami-Dade,4.5,35.6,13.2,3.2,18.7,195000,25.901,-80.251
33055,Miami Gardens,Miami-Dade,3.7,33.4,10.1,2.8,15.9,225000,25.943,-80.272
33056,Miami Gardens,Miami-Dade,3.4,31.8,9.4,2.5,14.8,235000,25.947,-80.237
33125,Little Havana,Miami-Dade,2.8,38.2,7.8,1.6,17.3,310000,25.769,-80.232
33127,Wynwood,Miami-Dade,2.1,42.5,5.2,1.2,16.1,425000,25.803,-80.203
33133,Coral Gables,Miami-Dade,0.6,44.8,1.1,0.3,8.4,895000,25.729,-80.272
33135,W Little Havana,Miami-Dade,3.1,36.4,8.9,2.0,16.4,285000,25.769,-80.252
33142,Liberty City,Miami-Dade,4.2,32.7,12.4,3.1,19.2,205000,25.820,-80.232
33147,Opa-locka South,Miami-Dade,4.1,34.2,11.8,2.9,17.8,210000,25.850,-80.247
33161,North Miami,Miami-Dade,2.6,29.8,6.2,1.7,13.5,355000,25.894,-80.187
33177,Perrine,Miami-Dade,3.0,27.3,6.8,1.9,13.1,315000,25.604,-80.362
33004,Dania Beach,Broward,2.2,38.6,5.5,1.4,12.7,385000,26.052,-80.144
33009,Hallandale Beach,Broward,1.8,52.3,3.8,0.9,10.2,445000,25.981,-80.148
33019,Hollywood,Broward,1.5,40.1,3.2,0.8,9.8,465000,26.011,-80.110
33020,Hollywood,Broward,2.3,35.7,5.8,1.5,12.4,395000,26.016,-80.150
33023,Pembroke Park,Broward,3.3,30.2,8.7,2.2,15.6,265000,25.990,-80.195
33060,Pompano Beach,Broward,2.7,41.8,6.4,1.8,14.1,375000,26.238,-80.125
33064,N Pompano Beach,Broward,2.4,37.5,5.6,1.5,12.9,355000,26.271,-80.125
33068,Margate,Broward,1.9,32.4,4.1,1.1,11.2,385000,26.245,-80.207
33311,Fort Lauderdale,Broward,3.6,33.8,9.8,2.6,16.8,245000,26.128,-80.187
33312,Fort Lauderdale SW,Broward,3.1,31.2,8.2,2.1,15.4,275000,26.078,-80.187
33313,Lauderhill,Broward,3.8,34.5,10.4,2.7,16.2,235000,26.158,-80.217
33314,Davie,Broward,2.6,29.7,6.1,1.6,13.8,365000,26.078,-80.247
33317,Plantation,Broward,1.4,32.1,3.0,0.7,9.4,475000,26.118,-80.277
33319,Lauderdale Lakes,Broward,3.5,33.1,9.2,2.4,15.9,255000,26.168,-80.187
33322,Sunrise,Broward,1.6,30.8,3.4,0.9,9.8,455000,26.158,-80.297
33401,West Palm Beach,Palm Beach,2.8,36.4,7.2,1.9,14.6,335000,26.715,-80.053
33404,N West Palm Beach,Palm Beach,3.2,31.5,8.8,2.3,15.8,275000,26.775,-80.053
33409,West Palm Beach,Palm Beach,2.1,34.8,5.1,1.3,11.8,365000,26.695,-80.093
33415,West Palm Beach,Palm Beach,2.9,28.6,7.4,2.0,13.9,305000,26.655,-80.113
33426,Boynton Beach,Palm Beach,2.4,35.2,5.9,1.6,12.7,375000,26.525,-80.063
33435,Boynton Beach,Palm Beach,2.6,33.8,6.5,1.7,13.4,355000,26.535,-80.053
33444,Delray Beach,Palm Beach,1.7,41.2,3.9,1.0,10.6,485000,26.465,-80.073
33460,Lake Worth,Palm Beach,3.4,35.6,9.1,2.4,16.3,285000,26.615,-80.053
33461,Lake Worth,Palm Beach,3.1,32.4,8.3,2.2,15.1,295000,26.605,-80.093
33462,Lantana,Palm Beach,2.8,34.1,7.1,1.8,14.2,315000,26.585,-80.053
34102,Naples,Collier,0.5,58.4,0.8,0.2,7.2,985000,26.142,-81.795
34104,Naples,Collier,0.9,52.1,1.4,0.4,8.4,675000,26.142,-81.765
34112,Naples East,Collier,1.4,48.6,2.8,0.7,10.1,525000,26.112,-81.755
34116,Naples Golden Gate,Collier,2.1,35.2,4.8,1.3,12.4,415000,26.172,-81.705
34990,Stuart,Martin,2.2,42.8,5.2,1.4,13.5,425000,27.197,-80.253
34994,Stuart,Martin,2.8,39.1,6.8,1.8,14.8,385000,27.177,-80.233
34996,Jensen Beach,Martin,1.6,45.6,3.5,0.9,11.2,465000,27.257,-80.223
33037,Key Largo,Monroe,1.2,61.3,2.4,0.5,10.8,625000,25.087,-80.447
33040,Key West,Monroe,0.8,55.8,1.8,0.4,9.2,785000,24.555,-81.780
33050,Marathon,Monroe,1.4,58.2,2.9,0.6,11.4,565000,24.721,-81.033
